{
    "rmse": 0.6726647228767085,
    "mae": 0.5473914380015228,
    "r2": 0.2767298123356793
}